player_name,headshots,offensive_role,defensive_role
austin-reaves,https://ak-static.cms.nba.com/wp-content/uploads/headshots/nba/latest/260x190/1630559.png,Secondary Ballhandler,On Ball Stopper
brandon-clarke,https://ak-static.cms.nba.com/wp-content/uploads/headshots/nba/latest/260x190/1629634.png,,
brandon-ingram,https://ak-static.cms.nba.com/wp-content/uploads/headshots/nba/latest/260x190/1627742.png,Secondary Ballhandler,On Ball Stopper
david-roddy,https://cdn.nba.com/headshots/nba/latest/260x190/1631223.png,Spotup Wing,Off Ball Wing
boban-marjanovic,https://ak-static.cms.nba.com/wp-content/uploads/headshots/nba/latest/260x190/1626246.png,,Hidden
brook-lopez,https://ak-static.cms.nba.com/wp-content/uploads/headshots/nba/latest/260x190/201572.png,,Hang Back Big
damian-jones,https://ak-static.cms.nba.com/wp-content/uploads/headshots/nba/latest/260x190/1627745.png,Spotup Wing,Hang Back Big
andre-drummond,https://ak-static.cms.nba.com/wp-content/uploads/headshots/nba/latest/260x190/203083.png,Versatile Big,Hang Back Big
bruno-fernando,https://ak-static.cms.nba.com/wp-content/uploads/headshots/nba/latest/260x190/1628981.png,Roll/Cut Big,Hang Back Big
bruce-brown,https://ak-static.cms.nba.com/wp-content/uploads/headshots/nba/latest/260x190/1628971.png,Glue Guy,On Ball Stopper
bryce-mcgowens,https://cdn.nba.com/headshots/nba/latest/260x190/1631121.png,Spotup Wing,Hidden
danilo-gallinari,https://ak-static.cms.nba.com/wp-content/uploads/headshots/nba/latest/260x190/201568.png,,Versatile D Big
caleb-martin,https://ak-static.cms.nba.com/wp-content/uploads/headshots/nba/latest/260x190/1628997.png,Spotup Wing,On Ball Stopper
darius-garland,https://ak-static.cms.nba.com/wp-content/uploads/headshots/nba/latest/260x190/1629636.png,Primary Ballhandler,On Ball Stopper
andrew-nembhard,https://cdn.nba.com/headshots/nba/latest/260x190/1629614.png,Secondary Ballhandler,On Ball Stopper
andrew-wiggins,https://ak-static.cms.nba.com/wp-content/uploads/headshots/nba/latest/260x190/203952.png,Glue Guy,On Ball Stopper
cam-thomas,https://ak-static.cms.nba.com/wp-content/uploads/headshots/nba/latest/260x190/1630560.png,Secondary Ballhandler,Off Ball Wing
al-horford,https://ak-static.cms.nba.com/wp-content/uploads/headshots/nba/latest/260x190/201143.png,Tall Spotup,Versatile D Big
caris-levert,https://ak-static.cms.nba.com/wp-content/uploads/headshots/nba/latest/260x190/1627747.png,Secondary Ballhandler,On Ball Stopper
corey-kispert,https://ak-static.cms.nba.com/wp-content/uploads/headshots/nba/latest/260x190/1630557.png,Runaround Wing,Off Ball Wing
deaaron-fox,https://ak-static.cms.nba.com/wp-content/uploads/headshots/nba/latest/260x190/1628368.png,Secondary Ballhandler,On Ball Stopper
cory-joseph,https://ak-static.cms.nba.com/wp-content/uploads/headshots/nba/latest/260x190/202709.png,Spotup Wing,Hidden
cedi-osman,https://ak-static.cms.nba.com/wp-content/uploads/headshots/nba/latest/260x190/1626224.png,Spotup Wing,Versatile D Big
bobby-portis,https://ak-static.cms.nba.com/wp-content/uploads/headshots/nba/latest/260x190/1626171.png,Versatile Big,Versatile D Big
davis-bertans,https://ak-static.cms.nba.com/wp-content/uploads/headshots/nba/latest/260x190/202722.png,Runaround Wing,Versatile D Big
cam-reddish,https://ak-static.cms.nba.com/wp-content/uploads/headshots/nba/latest/260x190/1629629.png,Spotup Wing,On Ball Stopper
cameron-johnson,https://ak-static.cms.nba.com/wp-content/uploads/headshots/nba/latest/260x190/1629661.png,Spotup Wing,Off Ball Wing
aaron-nesmith,https://ak-static.cms.nba.com/wp-content/uploads/headshots/nba/latest/260x190/1630174.png,Spotup Wing,On Ball Stopper
buddy-hield,https://ak-static.cms.nba.com/wp-content/uploads/headshots/nba/latest/260x190/1627741.png,Glue Guy,On Ball Stopper
clint-capela,https://ak-static.cms.nba.com/wp-content/uploads/headshots/nba/latest/260x190/203991.png,Roll/Cut Big,Hang Back Big
ayo-dosunmu,https://ak-static.cms.nba.com/wp-content/uploads/headshots/nba/latest/260x190/1630245.png,Spotup Wing,On Ball Stopper
larry-nance-jr.,https://ak-static.cms.nba.com/wp-content/uploads/headshots/nba/latest/260x190/1626204.png,Pick n Pop Big,Hang Back Big
trayce-jackson-davis,https://cdn.nba.com/headshots/nba/latest/260x190/1631218.png,Roll/Cut Big,Hang Back Big
dalano-banton,https://ak-static.cms.nba.com/wp-content/uploads/headshots/nba/latest/260x190/1630625.png,Secondary Ballhandler,Hidden
dalen-terry,https://cdn.nba.com/headshots/nba/latest/260x190/1631207.png,Spotup Wing,Hidden
bojan-bogdanovic,https://ak-static.cms.nba.com/wp-content/uploads/headshots/nba/latest/260x190/202711.png,Runaround Wing,Versatile D Big
bol-bol,https://ak-static.cms.nba.com/wp-content/uploads/headshots/nba/latest/260x190/1629626.png,Tall Spotup,Hidden
coby-white,https://ak-static.cms.nba.com/wp-content/uploads/headshots/nba/latest/260x190/1629632.png,Secondary Ballhandler,On Ball Stopper
bam-adebayo,https://ak-static.cms.nba.com/wp-content/uploads/headshots/nba/latest/260x190/1628389.png,Versatile Big,Hang Back Big
chet-holmgren,https://cdn.nba.com/headshots/nba/latest/260x190/1631096.png,,Hang Back Big
dario-saric,https://ak-static.cms.nba.com/wp-content/uploads/headshots/nba/latest/260x190/203967.png,Pick n Pop Big,Hang Back Big
cameron-payne,https://ak-static.cms.nba.com/wp-content/uploads/headshots/nba/latest/260x190/1626166.png,Secondary Ballhandler,Off Ball Wing
damian-lillard,https://ak-static.cms.nba.com/wp-content/uploads/headshots/nba/latest/260x190/203081.png,Primary Ballhandler,On Ball Stopper
daniel-gafford,https://ak-static.cms.nba.com/wp-content/uploads/headshots/nba/latest/260x190/1629655.png,Roll/Cut Big,Hang Back Big
bones-hyland,https://ak-static.cms.nba.com/wp-content/uploads/headshots/nba/latest/260x190/1630538.png,Secondary Ballhandler,Hidden
cade-cunningham,https://ak-static.cms.nba.com/wp-content/uploads/headshots/nba/latest/260x190/1630595.png,Primary Ballhandler,On Ball Stopper
chris-duarte,https://ak-static.cms.nba.com/wp-content/uploads/headshots/nba/latest/260x190/1630537.png,Spotup Wing,Off Ball Wing
alec-burks,https://ak-static.cms.nba.com/wp-content/uploads/headshots/nba/latest/260x190/202692.png,Secondary Ballhandler,Off Ball Wing
daniel-theis,https://ak-static.cms.nba.com/wp-content/uploads/headshots/nba/latest/260x190/1628464.png,Roll/Cut Big,Hang Back Big
vasilije-micic,https://cdn.nba.com/headshots/nba/latest/260x190/203995.png,Primary Ballhandler,Off Ball Wing
bogdan-bogdanovic,https://ak-static.cms.nba.com/wp-content/uploads/headshots/nba/latest/260x190/203992.png,Runaround Wing,On Ball Stopper
cody-martin,https://ak-static.cms.nba.com/wp-content/uploads/headshots/nba/latest/260x190/1628998.png,Secondary Ballhandler,Off Ball Wing
ben-simmons,https://ak-static.cms.nba.com/wp-content/uploads/headshots/nba/latest/260x190/1627732.png,Glue Guy,Versatile D Big
bradley-beal,https://ak-static.cms.nba.com/wp-content/uploads/headshots/nba/latest/260x190/203078.png,Secondary Ballhandler,Off Ball Wing
brandon-boston-jr.,https://ak-static.cms.nba.com/wp-content/uploads/headshots/nba/latest/260x190/1630527.png,Spotup Wing,
aleksej-pokusevski,https://ak-static.cms.nba.com/wp-content/uploads/headshots/nba/latest/260x190/1630197.png,Spotup Wing,Hidden
chris-paul,https://ak-static.cms.nba.com/wp-content/uploads/headshots/nba/latest/260x190/101108.png,Primary Ballhandler,Off Ball Wing
bennedict-mathurin,https://cdn.nba.com/headshots/nba/latest/260x190/1631097.png,Glue Guy,Off Ball Wing
christian-wood,https://ak-static.cms.nba.com/wp-content/uploads/headshots/nba/latest/260x190/1626174.png,Tall Spotup,Versatile D Big
anfernee-simons,https://ak-static.cms.nba.com/wp-content/uploads/headshots/nba/latest/260x190/1629014.png,Primary Ballhandler,On Ball Stopper
cole-anthony,https://ak-static.cms.nba.com/wp-content/uploads/headshots/nba/latest/260x190/1630175.png,Secondary Ballhandler,Off Ball Wing
aaron-wiggins,https://ak-static.cms.nba.com/wp-content/uploads/headshots/nba/latest/260x190/1630598.png,Spotup Wing,Off Ball Wing
zeke-nnaji,https://ak-static.cms.nba.com/wp-content/uploads/headshots/nba/latest/260x190/1630192.png,Spotup Wing,Versatile D Big
alex-caruso,https://ak-static.cms.nba.com/wp-content/uploads/headshots/nba/latest/260x190/1627936.png,Glue Guy,On Ball Stopper
anthony-davis,https://ak-static.cms.nba.com/wp-content/uploads/headshots/nba/latest/260x190/203076.png,Versatile Big,Hang Back Big
alex-len,https://ak-static.cms.nba.com/wp-content/uploads/headshots/nba/latest/260x190/203458.png,Spotup Wing,Hang Back Big
caleb-houstan,https://cdn.nba.com/headshots/nba/latest/260x190/1631216.png,Spotup Wing,Hidden
deandre-hunter,https://ak-static.cms.nba.com/wp-content/uploads/headshots/nba/latest/260x190/1629631.png,Spotup Wing,Off Ball Wing
aaron-holiday,https://ak-static.cms.nba.com/wp-content/uploads/headshots/nba/latest/260x190/1628988.png,Secondary Ballhandler,Off Ball Wing
blake-wesley,https://cdn.nba.com/headshots/nba/latest/260x190/1631104.png,Glue Guy,Hidden
dayron-sharpe,https://ak-static.cms.nba.com/wp-content/uploads/headshots/nba/latest/260x190/1630549.png,Roll/Cut Big,Hang Back Big
aaron-gordon,https://ak-static.cms.nba.com/wp-content/uploads/headshots/nba/latest/260x190/203932.png,Glue Guy,On Ball Stopper
anthony-edwards,https://ak-static.cms.nba.com/wp-content/uploads/headshots/nba/latest/260x190/1630162.png,Secondary Ballhandler,On Ball Stopper
aj-griffin,https://cdn.nba.com/headshots/nba/latest/260x190/1631100.png,,
alperen-sengun,https://ak-static.cms.nba.com/wp-content/uploads/headshots/nba/latest/260x190/1630578.png,Versatile Big,Hang Back Big
amir-coffey,https://ak-static.cms.nba.com/wp-content/uploads/headshots/nba/latest/260x190/1629599.png,Spotup Wing,Off Ball Wing
deanthony-melton,https://ak-static.cms.nba.com/wp-content/uploads/headshots/nba/latest/260x190/1629001.png,Glue Guy,Off Ball Wing
chimezie-metu,https://ak-static.cms.nba.com/wp-content/uploads/headshots/nba/latest/260x190/1629002.png,Tall Spotup,Versatile D Big
collin-sexton,https://ak-static.cms.nba.com/wp-content/uploads/headshots/nba/latest/260x190/1629012.png,Secondary Ballhandler,On Ball Stopper
deandre-ayton,https://ak-static.cms.nba.com/wp-content/uploads/headshots/nba/latest/260x190/1629028.png,Roll/Cut Big,Hang Back Big
demar-derozan,https://ak-static.cms.nba.com/wp-content/uploads/headshots/nba/latest/260x190/201942.png,Primary Ballhandler,On Ball Stopper
chris-boucher,https://ak-static.cms.nba.com/wp-content/uploads/headshots/nba/latest/260x190/1628449.png,Glue Guy,Versatile D Big
cj-mccollum,https://ak-static.cms.nba.com/wp-content/uploads/headshots/nba/latest/260x190/203468.png,Secondary Ballhandler,Off Ball Wing
delon-wright,https://ak-static.cms.nba.com/wp-content/uploads/headshots/nba/latest/260x190/1626153.png,Secondary Ballhandler,Hidden
victor-wembanyama,https://cdn.nba.com/headshots/nba/latest/260x190/1641705.png,Glue Guy,Hang Back Big
deni-avdija,https://ak-static.cms.nba.com/wp-content/uploads/headshots/nba/latest/260x190/1630166.png,Glue Guy,On Ball Stopper
dennis-schroder,https://ak-static.cms.nba.com/wp-content/uploads/headshots/nba/latest/260x190/203471.png,Primary Ballhandler,On Ball Stopper
derrick-jones-jr.,https://ak-static.cms.nba.com/wp-content/uploads/headshots/nba/latest/260x190/1627884.png,Spotup Wing,On Ball Stopper
derrick-rose,https://ak-static.cms.nba.com/wp-content/uploads/headshots/nba/latest/260x190/201565.png,Secondary Ballhandler,Hidden
derrick-white,https://ak-static.cms.nba.com/wp-content/uploads/headshots/nba/latest/260x190/1628401.png,Glue Guy,On Ball Stopper
desmond-bane,https://ak-static.cms.nba.com/wp-content/uploads/headshots/nba/latest/260x190/1630217.png,Secondary Ballhandler,On Ball Stopper
kenneth-lofton-jr.,https://cdn.nba.com/headshots/nba/latest/260x190/1631254.png,,Hang Back Big
danuel-house-jr.,https://ak-static.cms.nba.com/wp-content/uploads/headshots/nba/latest/260x190/1627863.png,Spotup Wing,Hidden
devin-booker,https://ak-static.cms.nba.com/wp-content/uploads/headshots/nba/latest/260x190/1626164.png,Secondary Ballhandler,On Ball Stopper
dillon-brooks,https://ak-static.cms.nba.com/wp-content/uploads/headshots/nba/latest/260x190/1628415.png,Glue Guy,On Ball Stopper
domantas-sabonis,https://ak-static.cms.nba.com/wp-content/uploads/headshots/nba/latest/260x190/1627734.png,Roll/Cut Big,Hang Back Big
chuma-okeke,https://ak-static.cms.nba.com/wp-content/uploads/headshots/nba/latest/260x190/1629643.png,Spotup Wing,Hidden
dangelo-russell,https://ak-static.cms.nba.com/wp-content/uploads/headshots/nba/latest/260x190/1626156.png,Secondary Ballhandler,On Ball Stopper
dejounte-murray,https://ak-static.cms.nba.com/wp-content/uploads/headshots/nba/latest/260x190/1627749.png,Secondary Ballhandler,On Ball Stopper
donovan-mitchell,https://ak-static.cms.nba.com/wp-content/uploads/headshots/nba/latest/260x190/1628378.png,Secondary Ballhandler,On Ball Stopper
donte-divincenzo,https://ak-static.cms.nba.com/wp-content/uploads/headshots/nba/latest/260x190/1628978.png,Spotup Wing,On Ball Stopper
dorian-finney-smith,https://ak-static.cms.nba.com/wp-content/uploads/headshots/nba/latest/260x190/1627827.png,Spotup Wing,On Ball Stopper
draymond-green,https://ak-static.cms.nba.com/wp-content/uploads/headshots/nba/latest/260x190/203110.png,Glue Guy,
drew-eubanks,https://ak-static.cms.nba.com/wp-content/uploads/headshots/nba/latest/260x190/1629234.png,Roll/Cut Big,Hang Back Big
duncan-robinson,https://ak-static.cms.nba.com/wp-content/uploads/headshots/nba/latest/260x190/1629130.png,Runaround Wing,Off Ball Wing
davion-mitchell,https://ak-static.cms.nba.com/wp-content/uploads/headshots/nba/latest/260x190/1630558.png,Spotup Wing,Off Ball Wing
dean-wade,https://ak-static.cms.nba.com/wp-content/uploads/headshots/nba/latest/260x190/1629731.png,Spotup Wing,Versatile D Big
dennis-smith-jr.,https://ak-static.cms.nba.com/wp-content/uploads/headshots/nba/latest/260x190/1628372.png,Glue Guy,Off Ball Wing
dwight-powell,https://ak-static.cms.nba.com/wp-content/uploads/headshots/nba/latest/260x190/203939.png,Roll/Cut Big,Hang Back Big
christian-braun,https://cdn.nba.com/headshots/nba/latest/260x190/1631128.png,Spotup Wing,Off Ball Wing
dyson-daniels,https://cdn.nba.com/headshots/nba/latest/260x190/1630700.png,Spotup Wing,Off Ball Wing
eric-gordon,https://ak-static.cms.nba.com/wp-content/uploads/headshots/nba/latest/260x190/201569.png,Spotup Wing,Off Ball Wing
evan-fournier,https://ak-static.cms.nba.com/wp-content/uploads/headshots/nba/latest/260x190/203095.png,Spotup Wing,
deandre-jordan,https://ak-static.cms.nba.com/wp-content/uploads/headshots/nba/latest/260x190/201599.png,Roll/Cut Big,Hang Back Big
devin-vassell,https://ak-static.cms.nba.com/wp-content/uploads/headshots/nba/latest/260x190/1630170.png,Glue Guy,On Ball Stopper
evan-mobley,https://ak-static.cms.nba.com/wp-content/uploads/headshots/nba/latest/260x190/1630596.png,Roll/Cut Big,Hang Back Big
franz-wagner,https://ak-static.cms.nba.com/wp-content/uploads/headshots/nba/latest/260x190/1630532.png,Secondary Ballhandler,On Ball Stopper
devonte-graham,https://ak-static.cms.nba.com/wp-content/uploads/headshots/nba/latest/260x190/1628984.png,Spotup Wing,Hidden
fred-vanvleet,https://ak-static.cms.nba.com/wp-content/uploads/headshots/nba/latest/260x190/1627832.png,Secondary Ballhandler,On Ball Stopper
furkan-korkmaz,https://ak-static.cms.nba.com/wp-content/uploads/headshots/nba/latest/260x190/1627788.png,Spotup Wing,
gabe-vincent,https://ak-static.cms.nba.com/wp-content/uploads/headshots/nba/latest/260x190/1629216.png,Glue Guy,Off Ball Wing
garrett-temple,https://ak-static.cms.nba.com/wp-content/uploads/headshots/nba/latest/260x190/202066.png,Spotup Wing,
garrison-mathews,https://ak-static.cms.nba.com/wp-content/uploads/headshots/nba/latest/260x190/1629726.png,Spotup Wing,Hidden
gary-harris,https://ak-static.cms.nba.com/wp-content/uploads/headshots/nba/latest/260x190/203914.png,Runaround Wing,Off Ball Wing
gary-payton-ii,https://ak-static.cms.nba.com/wp-content/uploads/headshots/nba/latest/260x190/1627780.png,Glue Guy,Off Ball Wing
gary-trent-jr.,https://ak-static.cms.nba.com/wp-content/uploads/headshots/nba/latest/260x190/1629107.png,Glue Guy,Off Ball Wing
giannis-antetokounmpo,https://ak-static.cms.nba.com/wp-content/uploads/headshots/nba/latest/260x190/203507.png,Glue Guy,Versatile D Big
goga-bitadze,https://ak-static.cms.nba.com/wp-content/uploads/headshots/nba/latest/260x190/1629048.png,Roll/Cut Big,Hang Back Big
gordon-hayward,https://ak-static.cms.nba.com/wp-content/uploads/headshots/nba/latest/260x190/202330.png,Glue Guy,Off Ball Wing
grant-williams,https://ak-static.cms.nba.com/wp-content/uploads/headshots/nba/latest/260x190/1629684.png,Pick n Pop Big,Versatile D Big
grayson-allen,https://ak-static.cms.nba.com/wp-content/uploads/headshots/nba/latest/260x190/1628960.png,Spotup Wing,On Ball Stopper
harrison-barnes,https://ak-static.cms.nba.com/wp-content/uploads/headshots/nba/latest/260x190/203084.png,Spotup Wing,On Ball Stopper
herbert-jones,https://ak-static.cms.nba.com/wp-content/uploads/headshots/nba/latest/260x190/1630529.png,Spotup Wing,On Ball Stopper
immanuel-quickley,https://ak-static.cms.nba.com/wp-content/uploads/headshots/nba/latest/260x190/1630193.png,Secondary Ballhandler,On Ball Stopper
isaac-okoro,https://ak-static.cms.nba.com/wp-content/uploads/headshots/nba/latest/260x190/1630171.png,Spotup Wing,On Ball Stopper
doug-mcdermott,https://ak-static.cms.nba.com/wp-content/uploads/headshots/nba/latest/260x190/203926.png,Runaround Wing,Hidden
georges-niang,https://ak-static.cms.nba.com/wp-content/uploads/headshots/nba/latest/260x190/1627777.png,Spotup Wing,Versatile D Big
isaiah-hartenstein,https://ak-static.cms.nba.com/wp-content/uploads/headshots/nba/latest/260x190/1628392.png,Roll/Cut Big,Hang Back Big
isaiah-jackson,https://ak-static.cms.nba.com/wp-content/uploads/headshots/nba/latest/260x190/1630543.png,Roll/Cut Big,Hang Back Big
isaiah-joe,https://ak-static.cms.nba.com/wp-content/uploads/headshots/nba/latest/260x190/1630198.png,Spotup Wing,Off Ball Wing
isaiah-mobley,https://cdn.nba.com/headshots/nba/latest/260x190/1630600.png,,Hidden
isaiah-stewart,https://ak-static.cms.nba.com/wp-content/uploads/headshots/nba/latest/260x190/1630191.png,Tall Spotup,Versatile D Big
ivica-zubac,https://ak-static.cms.nba.com/wp-content/uploads/headshots/nba/latest/260x190/1627826.png,Roll/Cut Big,Hang Back Big
ja-morant,https://ak-static.cms.nba.com/wp-content/uploads/headshots/nba/latest/260x190/1629630.png,Primary Ballhandler,Off Ball Wing
jabari-smith-jr.,https://cdn.nba.com/headshots/nba/latest/260x190/1631095.png,Tall Spotup,On Ball Stopper
jabari-walker,https://cdn.nba.com/headshots/nba/latest/260x190/1631133.png,Tall Spotup,Versatile D Big
jaden-hardy,https://cdn.nba.com/headshots/nba/latest/260x190/1630702.png,Secondary Ballhandler,Hidden
jaden-ivey,https://cdn.nba.com/headshots/nba/latest/260x190/1631093.png,Glue Guy,On Ball Stopper
jaden-mcdaniels,https://ak-static.cms.nba.com/wp-content/uploads/headshots/nba/latest/260x190/1630183.png,Glue Guy,On Ball Stopper
jaden-springer,https://ak-static.cms.nba.com/wp-content/uploads/headshots/nba/latest/260x190/1630531.png,Glue Guy,Hidden
jae-crowder,https://ak-static.cms.nba.com/wp-content/uploads/headshots/nba/latest/260x190/203109.png,Spotup Wing,Off Ball Wing
jaesean-tate,https://ak-static.cms.nba.com/wp-content/uploads/headshots/nba/latest/260x190/1630256.png,Spotup Wing,Versatile D Big
jake-laravia,https://cdn.nba.com/headshots/nba/latest/260x190/1631222.png,Spotup Wing,
dylan-windler,https://ak-static.cms.nba.com/wp-content/uploads/headshots/nba/latest/260x190/1629685.png,,Hidden
jalen-brunson,https://ak-static.cms.nba.com/wp-content/uploads/headshots/nba/latest/260x190/1628973.png,Primary Ballhandler,On Ball Stopper
jalen-duren,https://cdn.nba.com/headshots/nba/latest/260x190/1631105.png,Roll/Cut Big,Hang Back Big
jalen-green,https://ak-static.cms.nba.com/wp-content/uploads/headshots/nba/latest/260x190/1630224.png,Secondary Ballhandler,On Ball Stopper
jalen-johnson,https://ak-static.cms.nba.com/wp-content/uploads/headshots/nba/latest/260x190/1630552.png,Tall Spotup,Versatile D Big
jalen-smith,https://ak-static.cms.nba.com/wp-content/uploads/headshots/nba/latest/260x190/1630188.png,Pick n Pop Big,Hang Back Big
jalen-suggs,https://ak-static.cms.nba.com/wp-content/uploads/headshots/nba/latest/260x190/1630591.png,Glue Guy,On Ball Stopper
jalen-williams,https://cdn.nba.com/headshots/nba/latest/260x190/1631114.png,Secondary Ballhandler,On Ball Stopper
jamal-murray,https://ak-static.cms.nba.com/wp-content/uploads/headshots/nba/latest/260x190/1627750.png,Secondary Ballhandler,On Ball Stopper
james-bouknight,https://ak-static.cms.nba.com/wp-content/uploads/headshots/nba/latest/260x190/1630547.png,,Hidden
james-harden,https://ak-static.cms.nba.com/wp-content/uploads/headshots/nba/latest/260x190/201935.png,Primary Ballhandler,On Ball Stopper
james-wiseman,https://ak-static.cms.nba.com/wp-content/uploads/headshots/nba/latest/260x190/1630164.png,Roll/Cut Big,Hang Back Big
jaren-jackson-jr.,https://ak-static.cms.nba.com/wp-content/uploads/headshots/nba/latest/260x190/1628991.png,Glue Guy,Hang Back Big
jalen-mcdaniels,https://ak-static.cms.nba.com/wp-content/uploads/headshots/nba/latest/260x190/1629667.png,Spotup Wing,Hidden
jarred-vanderbilt,https://ak-static.cms.nba.com/wp-content/uploads/headshots/nba/latest/260x190/1629020.png,Glue Guy,Off Ball Wing
jarrett-allen,https://ak-static.cms.nba.com/wp-content/uploads/headshots/nba/latest/260x190/1628386.png,Roll/Cut Big,Hang Back Big
javale-mcgee,https://ak-static.cms.nba.com/wp-content/uploads/headshots/nba/latest/260x190/201580.png,Spotup Wing,Hang Back Big
jaxson-hayes,https://ak-static.cms.nba.com/wp-content/uploads/headshots/nba/latest/260x190/1629637.png,Roll/Cut Big,Hang Back Big
jaylen-brown,https://ak-static.cms.nba.com/wp-content/uploads/headshots/nba/latest/260x190/1627759.png,Glue Guy,On Ball Stopper
jaylin-williams,https://cdn.nba.com/headshots/nba/latest/260x190/1631119.png,Tall Spotup,Hang Back Big
jayson-tatum,https://ak-static.cms.nba.com/wp-content/uploads/headshots/nba/latest/260x190/1628369.png,Secondary Ballhandler,On Ball Stopper
jeff-green,https://ak-static.cms.nba.com/wp-content/uploads/headshots/nba/latest/260x190/201145.png,Tall Spotup,Versatile D Big
jerami-grant,https://ak-static.cms.nba.com/wp-content/uploads/headshots/nba/latest/260x190/203924.png,Glue Guy,On Ball Stopper
jeremiah-robinson-earl,https://ak-static.cms.nba.com/wp-content/uploads/headshots/nba/latest/260x190/1630526.png,Spotup Wing,Versatile D Big
jeremy-sochan,https://cdn.nba.com/headshots/nba/latest/260x190/1631110.png,Glue Guy,On Ball Stopper
jakob-poeltl,https://ak-static.cms.nba.com/wp-content/uploads/headshots/nba/latest/260x190/1627751.png,Roll/Cut Big,Hang Back Big
jevon-carter,https://ak-static.cms.nba.com/wp-content/uploads/headshots/nba/latest/260x190/1628975.png,Spotup Wing,Hidden
jimmy-butler,https://ak-static.cms.nba.com/wp-content/uploads/headshots/nba/latest/260x190/202710.png,Secondary Ballhandler,On Ball Stopper
joe-harris,https://ak-static.cms.nba.com/wp-content/uploads/headshots/nba/latest/260x190/203925.png,Spotup Wing,Versatile D Big
joe-ingles,https://ak-static.cms.nba.com/wp-content/uploads/headshots/nba/latest/260x190/204060.png,Glue Guy,Hidden
joel-embiid,https://ak-static.cms.nba.com/wp-content/uploads/headshots/nba/latest/260x190/203954.png,Versatile Big,Hang Back Big
john-collins,https://ak-static.cms.nba.com/wp-content/uploads/headshots/nba/latest/260x190/1628381.png,Glue Guy,Versatile D Big
john-konchar,https://ak-static.cms.nba.com/wp-content/uploads/headshots/nba/latest/260x190/1629723.png,Spotup Wing,Off Ball Wing
jonas-valanciunas,https://ak-static.cms.nba.com/wp-content/uploads/headshots/nba/latest/260x190/202685.png,Versatile Big,Hang Back Big
jonathan-kuminga,https://ak-static.cms.nba.com/wp-content/uploads/headshots/nba/latest/260x190/1630228.png,Glue Guy,On Ball Stopper
jordan-clarkson,https://ak-static.cms.nba.com/wp-content/uploads/headshots/nba/latest/260x190/203903.png,Secondary Ballhandler,Off Ball Wing
jordan-nwora,https://ak-static.cms.nba.com/wp-content/uploads/headshots/nba/latest/260x190/1629670.png,Spotup Wing,
jordan-poole,https://ak-static.cms.nba.com/wp-content/uploads/headshots/nba/latest/260x190/1629673.png,Secondary Ballhandler,On Ball Stopper
jose-alvarado,https://ak-static.cms.nba.com/wp-content/uploads/headshots/nba/latest/260x190/1630631.png,Spotup Wing,Off Ball Wing
josh-giddey,https://ak-static.cms.nba.com/wp-content/uploads/headshots/nba/latest/260x190/1630581.png,Glue Guy,Off Ball Wing
josh-green,https://ak-static.cms.nba.com/wp-content/uploads/headshots/nba/latest/260x190/1630182.png,Spotup Wing,Off Ball Wing
josh-hart,https://ak-static.cms.nba.com/wp-content/uploads/headshots/nba/latest/260x190/1628404.png,Spotup Wing,On Ball Stopper
josh-minott,https://cdn.nba.com/headshots/nba/latest/260x190/1631169.png,,Versatile D Big
josh-okogie,https://ak-static.cms.nba.com/wp-content/uploads/headshots/nba/latest/260x190/1629006.png,Spotup Wing,Off Ball Wing
josh-richardson,https://ak-static.cms.nba.com/wp-content/uploads/headshots/nba/latest/260x190/1626196.png,Spotup Wing,Off Ball Wing
jrue-holiday,https://ak-static.cms.nba.com/wp-content/uploads/headshots/nba/latest/260x190/201950.png,Glue Guy,On Ball Stopper
jt-thor,https://ak-static.cms.nba.com/wp-content/uploads/headshots/nba/latest/260x190/1630550.png,Spotup Wing,Versatile D Big
justin-holiday,https://ak-static.cms.nba.com/wp-content/uploads/headshots/nba/latest/260x190/203200.png,Spotup Wing,
jusuf-nurkic,https://ak-static.cms.nba.com/wp-content/uploads/headshots/nba/latest/260x190/203994.png,Versatile Big,Hang Back Big
johnny-davis,https://cdn.nba.com/headshots/nba/latest/260x190/1631098.png,Spotup Wing,
karl-anthony-towns,https://ak-static.cms.nba.com/wp-content/uploads/headshots/nba/latest/260x190/1626157.png,Glue Guy,Versatile D Big
kawhi-leonard,https://ak-static.cms.nba.com/wp-content/uploads/headshots/nba/latest/260x190/202695.png,Secondary Ballhandler,On Ball Stopper
keldon-johnson,https://ak-static.cms.nba.com/wp-content/uploads/headshots/nba/latest/260x190/1629640.png,Spotup Wing,On Ball Stopper
kelly-olynyk,https://ak-static.cms.nba.com/wp-content/uploads/headshots/nba/latest/260x190/203482.png,Glue Guy,Versatile D Big
kelly-oubre-jr.,https://ak-static.cms.nba.com/wp-content/uploads/headshots/nba/latest/260x190/1626162.png,Glue Guy,On Ball Stopper
kendall-brown,https://cdn.nba.com/headshots/nba/latest/260x190/1631112.png,,
kenrich-williams,https://ak-static.cms.nba.com/wp-content/uploads/headshots/nba/latest/260x190/1629026.png,Tall Spotup,Versatile D Big
kentavious-caldwell-pope,https://ak-static.cms.nba.com/wp-content/uploads/headshots/nba/latest/260x190/203484.png,Spotup Wing,On Ball Stopper
kevin-durant,https://ak-static.cms.nba.com/wp-content/uploads/headshots/nba/latest/260x190/201142.png,Secondary Ballhandler,On Ball Stopper
kevin-huerter,https://ak-static.cms.nba.com/wp-content/uploads/headshots/nba/latest/260x190/1628989.png,Runaround Wing,Off Ball Wing
kevin-love,https://ak-static.cms.nba.com/wp-content/uploads/headshots/nba/latest/260x190/201567.png,Tall Spotup,Hang Back Big
jonathan-isaac,https://ak-static.cms.nba.com/wp-content/uploads/headshots/nba/latest/260x190/1628371.png,Tall Spotup,Versatile D Big
keegan-murray,https://cdn.nba.com/headshots/nba/latest/260x190/1631099.png,Runaround Wing,On Ball Stopper
keita-bates-diop,https://ak-static.cms.nba.com/wp-content/uploads/headshots/nba/latest/260x190/1628966.png,Spotup Wing,Versatile D Big
kevon-looney,https://ak-static.cms.nba.com/wp-content/uploads/headshots/nba/latest/260x190/1626172.png,Roll/Cut Big,Hang Back Big
jordan-mclaughlin,https://ak-static.cms.nba.com/wp-content/uploads/headshots/nba/latest/260x190/1629162.png,Spotup Wing,Hidden
khris-middleton,https://ak-static.cms.nba.com/wp-content/uploads/headshots/nba/latest/260x190/203114.png,Secondary Ballhandler,On Ball Stopper
killian-hayes,https://ak-static.cms.nba.com/wp-content/uploads/headshots/nba/latest/260x190/1630165.png,Secondary Ballhandler,Off Ball Wing
klay-thompson,https://ak-static.cms.nba.com/wp-content/uploads/headshots/nba/latest/260x190/202691.png,Runaround Wing,On Ball Stopper
julian-champagnie,https://cdn.nba.com/headshots/nba/latest/260x190/1630577.png,Spotup Wing,Off Ball Wing
julius-randle,https://ak-static.cms.nba.com/wp-content/uploads/headshots/nba/latest/260x190/203944.png,,On Ball Stopper
kj-martin,https://ak-static.cms.nba.com/wp-content/uploads/headshots/nba/latest/260x190/1630231.png,Glue Guy,Versatile D Big
keon-johnson,https://ak-static.cms.nba.com/wp-content/uploads/headshots/nba/latest/260x190/1630553.png,,Hidden
kristaps-porzingis,https://ak-static.cms.nba.com/wp-content/uploads/headshots/nba/latest/260x190/204001.png,Versatile Big,Hang Back Big
kessler-edwards,https://ak-static.cms.nba.com/wp-content/uploads/headshots/nba/latest/260x190/1630556.png,Spotup Wing,
kyle-anderson,https://ak-static.cms.nba.com/wp-content/uploads/headshots/nba/latest/260x190/203937.png,Glue Guy,Versatile D Big
kyle-kuzma,https://ak-static.cms.nba.com/wp-content/uploads/headshots/nba/latest/260x190/1628398.png,Glue Guy,On Ball Stopper
kyle-lowry,https://ak-static.cms.nba.com/wp-content/uploads/headshots/nba/latest/260x190/200768.png,Spotup Wing,On Ball Stopper
kyrie-irving,https://ak-static.cms.nba.com/wp-content/uploads/headshots/nba/latest/260x190/202681.png,Secondary Ballhandler,On Ball Stopper
lamelo-ball,https://ak-static.cms.nba.com/wp-content/uploads/headshots/nba/latest/260x190/1630163.png,Primary Ballhandler,Off Ball Wing
landry-shamet,https://ak-static.cms.nba.com/wp-content/uploads/headshots/nba/latest/260x190/1629013.png,Runaround Wing,Off Ball Wing
lauri-markkanen,https://ak-static.cms.nba.com/wp-content/uploads/headshots/nba/latest/260x190/1628374.png,Runaround Wing,Versatile D Big
lonnie-walker-iv,https://ak-static.cms.nba.com/wp-content/uploads/headshots/nba/latest/260x190/1629022.png,Spotup Wing,Hidden
luguentz-dort,https://ak-static.cms.nba.com/wp-content/uploads/headshots/nba/latest/260x190/1629652.png,Spotup Wing,On Ball Stopper
luke-kennard,https://ak-static.cms.nba.com/wp-content/uploads/headshots/nba/latest/260x190/1628379.png,Runaround Wing,Off Ball Wing
kira-lewis-jr.,https://ak-static.cms.nba.com/wp-content/uploads/headshots/nba/latest/260x190/1630184.png,Spotup Wing,Hidden
malachi-flynn,https://ak-static.cms.nba.com/wp-content/uploads/headshots/nba/latest/260x190/1630201.png,Glue Guy,Hidden
malaki-branham,https://cdn.nba.com/headshots/nba/latest/260x190/1631103.png,Spotup Wing,Off Ball Wing
malcolm-brogdon,https://ak-static.cms.nba.com/wp-content/uploads/headshots/nba/latest/260x190/1627763.png,Secondary Ballhandler,Off Ball Wing
malik-beasley,https://ak-static.cms.nba.com/wp-content/uploads/headshots/nba/latest/260x190/1627736.png,Spotup Wing,On Ball Stopper
malik-monk,https://ak-static.cms.nba.com/wp-content/uploads/headshots/nba/latest/260x190/1628370.png,Secondary Ballhandler,Off Ball Wing
lamar-stevens,https://ak-static.cms.nba.com/wp-content/uploads/headshots/nba/latest/260x190/1630205.png,Glue Guy,Versatile D Big
lebron-james,https://ak-static.cms.nba.com/wp-content/uploads/headshots/nba/latest/260x190/2544.png,Secondary Ballhandler,On Ball Stopper
luka-garza,https://ak-static.cms.nba.com/wp-content/uploads/headshots/nba/latest/260x190/1630568.png,,Hang Back Big
marcus-morris-sr.,https://ak-static.cms.nba.com/wp-content/uploads/headshots/nba/latest/260x190/202694.png,Glue Guy,Versatile D Big
luka-doncic,https://ak-static.cms.nba.com/wp-content/uploads/headshots/nba/latest/260x190/1629029.png,Primary Ballhandler,On Ball Stopper
marcus-smart,https://ak-static.cms.nba.com/wp-content/uploads/headshots/nba/latest/260x190/203935.png,Secondary Ballhandler,On Ball Stopper
marjon-beauchamp,https://cdn.nba.com/headshots/nba/latest/260x190/1630699.png,Spotup Wing,Hidden
mark-williams,https://cdn.nba.com/headshots/nba/latest/260x190/1631109.png,Roll/Cut Big,Hang Back Big
markelle-fultz,https://ak-static.cms.nba.com/wp-content/uploads/headshots/nba/latest/260x190/1628365.png,Glue Guy,Off Ball Wing
markieff-morris,https://ak-static.cms.nba.com/wp-content/uploads/headshots/nba/latest/260x190/202693.png,Spotup Wing,Hang Back Big
matisse-thybulle,https://ak-static.cms.nba.com/wp-content/uploads/headshots/nba/latest/260x190/1629680.png,Spotup Wing,Off Ball Wing
max-christie,https://cdn.nba.com/headshots/nba/latest/260x190/1631108.png,Glue Guy,Off Ball Wing
michael-porter-jr.,https://ak-static.cms.nba.com/wp-content/uploads/headshots/nba/latest/260x190/1629008.png,Runaround Wing,On Ball Stopper
mikal-bridges,https://ak-static.cms.nba.com/wp-content/uploads/headshots/nba/latest/260x190/1628969.png,Secondary Ballhandler,On Ball Stopper
mike-muscala,https://ak-static.cms.nba.com/wp-content/uploads/headshots/nba/latest/260x190/203488.png,Tall Spotup,Hang Back Big
marvin-bagley-iii,https://ak-static.cms.nba.com/wp-content/uploads/headshots/nba/latest/260x190/1628963.png,Roll/Cut Big,Hang Back Big
mason-plumlee,https://ak-static.cms.nba.com/wp-content/uploads/headshots/nba/latest/260x190/203486.png,Roll/Cut Big,Hang Back Big
maxi-kleber,https://ak-static.cms.nba.com/wp-content/uploads/headshots/nba/latest/260x190/1628467.png,Spotup Wing,Versatile D Big
miles-mcbride,https://ak-static.cms.nba.com/wp-content/uploads/headshots/nba/latest/260x190/1630540.png,Spotup Wing,Off Ball Wing
mitchell-robinson,https://ak-static.cms.nba.com/wp-content/uploads/headshots/nba/latest/260x190/1629011.png,Roll/Cut Big,Hang Back Big
mo-bamba,https://ak-static.cms.nba.com/wp-content/uploads/headshots/nba/latest/260x190/1628964.png,Roll/Cut Big,Hang Back Big
monte-morris,https://ak-static.cms.nba.com/wp-content/uploads/headshots/nba/latest/260x190/1628420.png,Spotup Wing,
moses-moody,https://ak-static.cms.nba.com/wp-content/uploads/headshots/nba/latest/260x190/1630541.png,Spotup Wing,Off Ball Wing
naji-marshall,https://ak-static.cms.nba.com/wp-content/uploads/headshots/nba/latest/260x190/1630230.png,Spotup Wing,Off Ball Wing
nassir-little,https://ak-static.cms.nba.com/wp-content/uploads/headshots/nba/latest/260x190/1629642.png,Spotup Wing,Versatile D Big
naz-reid,https://ak-static.cms.nba.com/wp-content/uploads/headshots/nba/latest/260x190/1629675.png,Tall Spotup,Versatile D Big
max-strus,https://ak-static.cms.nba.com/wp-content/uploads/headshots/nba/latest/260x190/1629622.png,Runaround Wing,On Ball Stopper
mike-conley,https://ak-static.cms.nba.com/wp-content/uploads/headshots/nba/latest/260x190/201144.png,Secondary Ballhandler,On Ball Stopper
moritz-wagner,https://ak-static.cms.nba.com/wp-content/uploads/headshots/nba/latest/260x190/1629021.png,Roll/Cut Big,Hang Back Big
neemias-queta,https://ak-static.cms.nba.com/wp-content/uploads/headshots/nba/latest/260x190/1629674.png,Roll/Cut Big,Hang Back Big
moussa-diabate,https://cdn.nba.com/headshots/nba/latest/260x190/1631217.png,,Versatile D Big
nic-claxton,https://ak-static.cms.nba.com/wp-content/uploads/headshots/nba/latest/260x190/1629651.png,Roll/Cut Big,Hang Back Big
nick-richards,https://ak-static.cms.nba.com/wp-content/uploads/headshots/nba/latest/260x190/1630208.png,Roll/Cut Big,Hang Back Big
nickeil-alexander-walker,https://ak-static.cms.nba.com/wp-content/uploads/headshots/nba/latest/260x190/1629638.png,Spotup Wing,On Ball Stopper
nicolas-batum,https://ak-static.cms.nba.com/wp-content/uploads/headshots/nba/latest/260x190/201587.png,Spotup Wing,Off Ball Wing
nikola-jovic,https://cdn.nba.com/headshots/nba/latest/260x190/1631107.png,Spotup Wing,Versatile D Big
moses-brown,https://ak-static.cms.nba.com/wp-content/uploads/headshots/nba/latest/260x190/1629650.png,Spotup Wing,Hang Back Big
myles-turner,https://ak-static.cms.nba.com/wp-content/uploads/headshots/nba/latest/260x190/1626167.png,Pick n Pop Big,Hang Back Big
nikola-vucevic,https://ak-static.cms.nba.com/wp-content/uploads/headshots/nba/latest/260x190/202696.png,Versatile Big,Hang Back Big
norman-powell,https://ak-static.cms.nba.com/wp-content/uploads/headshots/nba/latest/260x190/1626181.png,Spotup Wing,Off Ball Wing
og-anunoby,https://ak-static.cms.nba.com/wp-content/uploads/headshots/nba/latest/260x190/1628384.png,Spotup Wing,On Ball Stopper
nikola-jokic,https://ak-static.cms.nba.com/wp-content/uploads/headshots/nba/latest/260x190/203999.png,Versatile Big,Hang Back Big
obi-toppin,https://ak-static.cms.nba.com/wp-content/uploads/headshots/nba/latest/260x190/1630167.png,Glue Guy,Versatile D Big
ochai-agbaji,https://cdn.nba.com/headshots/nba/latest/260x190/1630534.png,Tall Spotup,Off Ball Wing
omer-yurtseven,https://ak-static.cms.nba.com/wp-content/uploads/headshots/nba/latest/260x190/1630209.png,Spotup Wing,Hang Back Big
onyeka-okongwu,https://ak-static.cms.nba.com/wp-content/uploads/headshots/nba/latest/260x190/1630168.png,Roll/Cut Big,Hang Back Big
oshae-brissett,https://ak-static.cms.nba.com/wp-content/uploads/headshots/nba/latest/260x190/1629052.png,Tall Spotup,Versatile D Big
otto-porter-jr.,https://ak-static.cms.nba.com/wp-content/uploads/headshots/nba/latest/260x190/203490.png,Spotup Wing,Versatile D Big
ousmane-dieng,https://cdn.nba.com/headshots/nba/latest/260x190/1631172.png,Glue Guy,Versatile D Big
p.j.-tucker,https://ak-static.cms.nba.com/wp-content/uploads/headshots/nba/latest/260x190/200782.png,Spotup Wing,
p.j.-washington,https://ak-static.cms.nba.com/wp-content/uploads/headshots/nba/latest/260x190/1629023.png,Spotup Wing,On Ball Stopper
paolo-banchero,https://cdn.nba.com/headshots/nba/latest/260x190/1631094.png,Secondary Ballhandler,On Ball Stopper
pascal-siakam,https://ak-static.cms.nba.com/wp-content/uploads/headshots/nba/latest/260x190/1627783.png,Glue Guy,On Ball Stopper
pat-connaughton,https://ak-static.cms.nba.com/wp-content/uploads/headshots/nba/latest/260x190/1626192.png,Glue Guy,Off Ball Wing
patrick-baldwin-jr.,https://cdn.nba.com/headshots/nba/latest/260x190/1631116.png,Spotup Wing,Versatile D Big
patrick-beverley,https://ak-static.cms.nba.com/wp-content/uploads/headshots/nba/latest/260x190/201976.png,Secondary Ballhandler,Off Ball Wing
patrick-williams,https://ak-static.cms.nba.com/wp-content/uploads/headshots/nba/latest/260x190/1630172.png,Glue Guy,On Ball Stopper
patty-mills,https://ak-static.cms.nba.com/wp-content/uploads/headshots/nba/latest/260x190/201988.png,Spotup Wing,Hidden
paul-george,https://ak-static.cms.nba.com/wp-content/uploads/headshots/nba/latest/260x190/202331.png,Secondary Ballhandler,On Ball Stopper
paul-reed,https://ak-static.cms.nba.com/wp-content/uploads/headshots/nba/latest/260x190/1630194.png,Roll/Cut Big,Hang Back Big
payton-pritchard,https://ak-static.cms.nba.com/wp-content/uploads/headshots/nba/latest/260x190/1630202.png,Glue Guy,Off Ball Wing
peyton-watson,https://cdn.nba.com/headshots/nba/latest/260x190/1631212.png,Spotup Wing,Off Ball Wing
precious-achiuwa,https://ak-static.cms.nba.com/wp-content/uploads/headshots/nba/latest/260x190/1630173.png,Glue Guy,Hang Back Big
r.j.-hampton,https://ak-static.cms.nba.com/wp-content/uploads/headshots/nba/latest/260x190/1630181.png,,Hidden
reggie-jackson,https://ak-static.cms.nba.com/wp-content/uploads/headshots/nba/latest/260x190/202704.png,Secondary Ballhandler,Off Ball Wing
richaun-holmes,https://ak-static.cms.nba.com/wp-content/uploads/headshots/nba/latest/260x190/1626158.png,Roll/Cut Big,Hang Back Big
robert-williams-iii,https://ak-static.cms.nba.com/wp-content/uploads/headshots/nba/latest/260x190/1629057.png,,Versatile D Big
robin-lopez,https://ak-static.cms.nba.com/wp-content/uploads/headshots/nba/latest/260x190/201577.png,,Hidden
quentin-grimes,https://ak-static.cms.nba.com/wp-content/uploads/headshots/nba/latest/260x190/1629656.png,Spotup Wing,Off Ball Wing
rudy-gobert,https://ak-static.cms.nba.com/wp-content/uploads/headshots/nba/latest/260x190/203497.png,Roll/Cut Big,Hang Back Big
rui-hachimura,https://ak-static.cms.nba.com/wp-content/uploads/headshots/nba/latest/260x190/1629060.png,Tall Spotup,On Ball Stopper
russell-westbrook,https://ak-static.cms.nba.com/wp-content/uploads/headshots/nba/latest/260x190/201566.png,Glue Guy,Off Ball Wing
ryan-rollins,https://cdn.nba.com/headshots/nba/latest/260x190/1631157.png,,
saddiq-bey,https://ak-static.cms.nba.com/wp-content/uploads/headshots/nba/latest/260x190/1630180.png,Tall Spotup,On Ball Stopper
reggie-bullock-jr.,https://ak-static.cms.nba.com/wp-content/uploads/headshots/nba/latest/260x190/203493.png,Spotup Wing,
rj-barrett,https://ak-static.cms.nba.com/wp-content/uploads/headshots/nba/latest/260x190/1629628.png,Glue Guy,On Ball Stopper
robert-covington,https://ak-static.cms.nba.com/wp-content/uploads/headshots/nba/latest/260x190/203496.png,Spotup Wing,Versatile D Big
sam-hauser,https://ak-static.cms.nba.com/wp-content/uploads/headshots/nba/latest/260x190/1630573.png,Spotup Wing,Off Ball Wing
royce-oneale,https://ak-static.cms.nba.com/wp-content/uploads/headshots/nba/latest/260x190/1626220.png,Spotup Wing,Versatile D Big
scottie-barnes,https://ak-static.cms.nba.com/wp-content/uploads/headshots/nba/latest/260x190/1630567.png,Glue Guy,On Ball Stopper
seth-curry,https://ak-static.cms.nba.com/wp-content/uploads/headshots/nba/latest/260x190/203552.png,Runaround Wing,Hidden
luke-kornet,https://cdn.nba.com/headshots/nba/latest/260x190/1628436.png,,Versatile D Big
sandro-mamukelashvili,https://ak-static.cms.nba.com/wp-content/uploads/headshots/nba/latest/260x190/1630572.png,Spotup Wing,
santi-aldama,https://ak-static.cms.nba.com/wp-content/uploads/headshots/nba/latest/260x190/1630583.png,Spotup Wing,Versatile D Big
shaedon-sharpe,https://cdn.nba.com/headshots/nba/latest/260x190/1631101.png,Secondary Ballhandler,Off Ball Wing
shai-gilgeous-alexander,https://ak-static.cms.nba.com/wp-content/uploads/headshots/nba/latest/260x190/1628983.png,Primary Ballhandler,On Ball Stopper
shake-milton,https://ak-static.cms.nba.com/wp-content/uploads/headshots/nba/latest/260x190/1629003.png,Glue Guy,Hidden
spencer-dinwiddie,https://ak-static.cms.nba.com/wp-content/uploads/headshots/nba/latest/260x190/203915.png,Primary Ballhandler,On Ball Stopper
stephen-curry,https://ak-static.cms.nba.com/wp-content/uploads/headshots/nba/latest/260x190/201939.png,Secondary Ballhandler,On Ball Stopper
svi-mykhailiuk,https://ak-static.cms.nba.com/wp-content/uploads/headshots/nba/latest/260x190/1629004.png,Spotup Wing,Hidden
t.j.-mcconnell,https://ak-static.cms.nba.com/wp-content/uploads/headshots/nba/latest/260x190/204456.png,Primary Ballhandler,Off Ball Wing
talen-horton-tucker,https://ak-static.cms.nba.com/wp-content/uploads/headshots/nba/latest/260x190/1629659.png,Secondary Ballhandler,Off Ball Wing
tari-eason,https://cdn.nba.com/headshots/nba/latest/260x190/1631106.png,Glue Guy,Off Ball Wing
taurean-prince,https://ak-static.cms.nba.com/wp-content/uploads/headshots/nba/latest/260x190/1627752.png,Spotup Wing,On Ball Stopper
terance-mann,https://ak-static.cms.nba.com/wp-content/uploads/headshots/nba/latest/260x190/1629611.png,Spotup Wing,On Ball Stopper
terry-rozier,https://ak-static.cms.nba.com/wp-content/uploads/headshots/nba/latest/260x190/1626179.png,Secondary Ballhandler,On Ball Stopper
terry-taylor,https://ak-static.cms.nba.com/wp-content/uploads/headshots/nba/latest/260x190/1630678.png,Spotup Wing,Versatile D Big
thaddeus-young,https://ak-static.cms.nba.com/wp-content/uploads/headshots/nba/latest/260x190/201152.png,Roll/Cut Big,Hang Back Big
theo-maledon,https://ak-static.cms.nba.com/wp-content/uploads/headshots/nba/latest/260x190/1630177.png,Spotup Wing,Hidden
thomas-bryant,https://ak-static.cms.nba.com/wp-content/uploads/headshots/nba/latest/260x190/1628418.png,Roll/Cut Big,Hang Back Big
thanasis-antetokounmpo,https://ak-static.cms.nba.com/wp-content/uploads/headshots/nba/latest/260x190/203648.png,,Versatile D Big
tim-hardaway-jr.,https://ak-static.cms.nba.com/wp-content/uploads/headshots/nba/latest/260x190/203501.png,Spotup Wing,On Ball Stopper
tobias-harris,https://ak-static.cms.nba.com/wp-content/uploads/headshots/nba/latest/260x190/202699.png,Glue Guy,On Ball Stopper
torrey-craig,https://ak-static.cms.nba.com/wp-content/uploads/headshots/nba/latest/260x190/1628470.png,Spotup Wing,Versatile D Big
trae-young,https://ak-static.cms.nba.com/wp-content/uploads/headshots/nba/latest/260x190/1629027.png,Primary Ballhandler,On Ball Stopper
tre-mann,https://ak-static.cms.nba.com/wp-content/uploads/headshots/nba/latest/260x190/1630544.png,Primary Ballhandler,Off Ball Wing
tre-jones,https://ak-static.cms.nba.com/wp-content/uploads/headshots/nba/latest/260x190/1630200.png,Secondary Ballhandler,On Ball Stopper
trendon-watford,https://ak-static.cms.nba.com/wp-content/uploads/headshots/nba/latest/260x190/1630570.png,Glue Guy,Versatile D Big
trent-forrest,https://ak-static.cms.nba.com/wp-content/uploads/headshots/nba/latest/260x190/1630235.png,Secondary Ballhandler,Hidden
trey-lyles,https://ak-static.cms.nba.com/wp-content/uploads/headshots/nba/latest/260x190/1626168.png,Tall Spotup,Versatile D Big
trey-murphy-iii,https://ak-static.cms.nba.com/wp-content/uploads/headshots/nba/latest/260x190/1630530.png,Glue Guy,Off Ball Wing
troy-brown-jr.,https://ak-static.cms.nba.com/wp-content/uploads/headshots/nba/latest/260x190/1628972.png,Spotup Wing,
tyler-herro,https://ak-static.cms.nba.com/wp-content/uploads/headshots/nba/latest/260x190/1629639.png,Secondary Ballhandler,Off Ball Wing
tyrese-haliburton,https://ak-static.cms.nba.com/wp-content/uploads/headshots/nba/latest/260x190/1630169.png,Primary Ballhandler,On Ball Stopper
tyrese-maxey,https://ak-static.cms.nba.com/wp-content/uploads/headshots/nba/latest/260x190/1630178.png,Secondary Ballhandler,On Ball Stopper
tyus-jones,https://ak-static.cms.nba.com/wp-content/uploads/headshots/nba/latest/260x190/1626145.png,Secondary Ballhandler,On Ball Stopper
udoka-azubuike,https://ak-static.cms.nba.com/wp-content/uploads/headshots/nba/latest/260x190/1628962.png,,Hang Back Big
vince-williams-jr.,https://cdn.nba.com/headshots/nba/latest/260x190/1631246.png,Spotup Wing,On Ball Stopper
walker-kessler,https://cdn.nba.com/headshots/nba/latest/260x190/1631117.png,Roll/Cut Big,Hang Back Big
wendell-carter-jr.,https://ak-static.cms.nba.com/wp-content/uploads/headshots/nba/latest/260x190/1628976.png,Pick n Pop Big,Hang Back Big
wendell-moore-jr.,https://cdn.nba.com/headshots/nba/latest/260x190/1631111.png,,Hidden
wesley-matthews,https://ak-static.cms.nba.com/wp-content/uploads/headshots/nba/latest/260x190/202083.png,Spotup Wing,Hidden
xavier-tillman,https://ak-static.cms.nba.com/wp-content/uploads/headshots/nba/latest/260x190/1630214.png,,Hang Back Big
yuta-watanabe,https://ak-static.cms.nba.com/wp-content/uploads/headshots/nba/latest/260x190/1629139.png,Spotup Wing,
zach-collins,https://ak-static.cms.nba.com/wp-content/uploads/headshots/nba/latest/260x190/1628380.png,Versatile Big,Hang Back Big
zach-lavine,https://ak-static.cms.nba.com/wp-content/uploads/headshots/nba/latest/260x190/203897.png,Secondary Ballhandler,Off Ball Wing
ziaire-williams,https://ak-static.cms.nba.com/wp-content/uploads/headshots/nba/latest/260x190/1630533.png,Spotup Wing,Off Ball Wing
zion-williamson,https://ak-static.cms.nba.com/wp-content/uploads/headshots/nba/latest/260x190/1629627.png,Secondary Ballhandler,Versatile D Big
jacob-gilyard,https://cdn.nba.com/headshots/nba/latest/260x190/1631367.png,Spotup Wing,Hidden
miles-bridges,https://ak-static.cms.nba.com/wp-content/uploads/headshots/nba/latest/260x190/1628970.png,Glue Guy,On Ball Stopper
keon-ellis,https://cdn.nba.com/headshots/nba/latest/260x190/1631165.png,Glue Guy,Off Ball Wing
sam-merrill,https://cdn.nba.com/headshots/nba/latest/260x190/1630241.png,Runaround Wing,Off Ball Wing
julian-strawther,https://cdn.nba.com/headshots/nba/latest/260x190/1631124.png,Runaround Wing,Hidden
craig-porter-jr.,https://cdn.nba.com/headshots/nba/latest/260x190/1641854.png,Secondary Ballhandler,Hidden
duop-reath,https://cdn.nba.com/headshots/nba/latest/260x190/1641871.png,Pick n Pop Big,Hang Back Big
amen-thompson,https://cdn.nba.com/headshots/nba/latest/260x190/1641708.png,Glue Guy,Off Ball Wing
andre-jackson-jr.,https://cdn.nba.com/headshots/nba/latest/260x190/1641748.png,Spotup Wing,Hidden
anthony-black,https://cdn.nba.com/headshots/nba/latest/260x190/1641710.png,Spotup Wing,Off Ball Wing
anthony-gill,https://cdn.nba.com/headshots/nba/latest/260x190/1630264.png,Spotup Wing,Versatile D Big
ausar-thompson,https://cdn.nba.com/headshots/nba/latest/260x190/1641709.png,Spotup Wing,On Ball Stopper
ben-sheppard,https://cdn.nba.com/headshots/nba/latest/260x190/1641767.png,Spotup Wing,Hidden
colin-castleton,https://cdn.nba.com/headshots/nba/latest/260x190/1630658.png,,
bilal-coulibaly,https://cdn.nba.com/headshots/nba/latest/260x190/1641731.png,Spotup Wing,On Ball Stopper
brandin-podziemski,https://cdn.nba.com/headshots/nba/latest/260x190/1641764.png,Glue Guy,Off Ball Wing
brandon-miller,https://cdn.nba.com/headshots/nba/latest/260x190/1641706.png,Secondary Ballhandler,Off Ball Wing
brice-sensabaugh,https://cdn.nba.com/headshots/nba/latest/260x190/1641729.png,Spotup Wing,Hidden
cam-whitmore,https://cdn.nba.com/headshots/nba/latest/260x190/1641715.png,Glue Guy,Hidden
cason-wallace,https://cdn.nba.com/headshots/nba/latest/260x190/1641717.png,Glue Guy,Off Ball Wing
charles-bassey,https://cdn.nba.com/headshots/nba/latest/260x190/1629646.png,Roll/Cut Big,Hang Back Big
colby-jones,https://cdn.nba.com/headshots/nba/latest/260x190/1641732.png,Spotup Wing,Hidden
cole-swider,https://cdn.nba.com/headshots/nba/latest/260x190/1631306.png,,Hidden
dante-exum,https://cdn.nba.com/headshots/nba/latest/260x190/203957.png,Spotup Wing,Off Ball Wing
dereck-lively-ii,https://cdn.nba.com/headshots/nba/latest/260x190/1641726.png,Roll/Cut Big,Hang Back Big
dereon-seabron,https://cdn.nba.com/headshots/nba/latest/260x190/1631220.png,,Hidden
dominick-barlow,https://cdn.nba.com/headshots/nba/latest/260x190/1631230.png,Pick n Pop Big,Hang Back Big
emoni-bates,https://cdn.nba.com/headshots/nba/latest/260x190/1641734.png,,Hidden
eugene-omoruyi,https://cdn.nba.com/headshots/nba/latest/260x190/1630647.png,Spotup Wing,Versatile D Big
jett-howard,https://cdn.nba.com/headshots/nba/latest/260x190/1641724.png,,Versatile D Big
jordan-hawkins,https://cdn.nba.com/headshots/nba/latest/260x190/1641722.png,Runaround Wing,Off Ball Wing
gg-jackson,https://cdn.nba.com/headshots/nba/latest/260x190/1641713.png,Spotup Wing,Off Ball Wing
gradey-dick,https://cdn.nba.com/headshots/nba/latest/260x190/1641711.png,Runaround Wing,Hidden
haywood-highsmith,https://cdn.nba.com/headshots/nba/latest/260x190/1629312.png,Glue Guy,Off Ball Wing
isaiah-livers,https://cdn.nba.com/headshots/nba/latest/260x190/1630587.png,Spotup Wing,Versatile D Big
jaime-jaquez-jr.,https://cdn.nba.com/headshots/nba/latest/260x190/1631170.png,Glue Guy,On Ball Stopper
jalen-hood-schifino,https://cdn.nba.com/headshots/nba/latest/260x190/1641720.png,,
jalen-pickett,https://cdn.nba.com/headshots/nba/latest/260x190/1629618.png,,Hidden
jalen-wilson,https://cdn.nba.com/headshots/nba/latest/260x190/1630592.png,Spotup Wing,Hidden
jarace-walker,https://cdn.nba.com/headshots/nba/latest/260x190/1641716.png,Spotup Wing,Versatile D Big
jericho-sims,https://cdn.nba.com/headshots/nba/latest/260x190/1630579.png,Roll/Cut Big,Hang Back Big
jock-landale,https://cdn.nba.com/headshots/nba/latest/260x190/1629111.png,Roll/Cut Big,Hang Back Big
kobe-bufkin,https://cdn.nba.com/headshots/nba/latest/260x190/1641723.png,Spotup Wing,
kris-dunn,https://cdn.nba.com/headshots/nba/latest/260x190/1627739.png,Spotup Wing,Off Ball Wing
julian-phillips,https://cdn.nba.com/headshots/nba/latest/260x190/1641763.png,Spotup Wing,Hidden
keyontae-johnson,https://cdn.nba.com/headshots/nba/latest/260x190/1641749.png,,Versatile D Big
keyonte-george,https://cdn.nba.com/headshots/nba/latest/260x190/1641718.png,Secondary Ballhandler,On Ball Stopper
kris-murray,https://cdn.nba.com/headshots/nba/latest/260x190/1631200.png,Spotup Wing,Off Ball Wing
marcus-sasser,https://cdn.nba.com/headshots/nba/latest/260x190/1631204.png,Primary Ballhandler,Off Ball Wing
matt-ryan,https://cdn.nba.com/headshots/nba/latest/260x190/1630346.png,Spotup Wing,Hidden
maxwell-lewis,https://cdn.nba.com/headshots/nba/latest/260x190/1641721.png,,
nick-smith-jr.,https://cdn.nba.com/headshots/nba/latest/260x190/1641733.png,Spotup Wing,Hidden
noah-clowney,https://cdn.nba.com/headshots/nba/latest/260x190/1641730.png,Spotup Wing,Versatile D Big
olivier-maxence-prosper,https://cdn.nba.com/headshots/nba/latest/260x190/1641765.png,Spotup Wing,Versatile D Big
onuralp-bitim,https://cdn.nba.com/headshots/nba/latest/260x190/1641931.png,Spotup Wing,Hidden
orlando-robinson,https://cdn.nba.com/headshots/nba/latest/260x190/1631115.png,Spotup Wing,Hang Back Big
saben-lee,https://cdn.nba.com/headshots/nba/latest/260x190/1630240.png,Spotup Wing,
sasha-vezenkov,https://cdn.nba.com/headshots/nba/latest/260x190/1628426.png,Spotup Wing,Versatile D Big
scoot-henderson,https://cdn.nba.com/headshots/nba/latest/260x190/1630703.png,Secondary Ballhandler,Off Ball Wing
sidy-cissoko,https://cdn.nba.com/headshots/nba/latest/260x190/1631321.png,,
simone-fontecchio,https://cdn.nba.com/headshots/nba/latest/260x190/1631323.png,Spotup Wing,Off Ball Wing
taylor-hendricks,https://cdn.nba.com/headshots/nba/latest/260x190/1641707.png,Spotup Wing,Versatile D Big
terquavion-smith,https://cdn.nba.com/headshots/nba/latest/260x190/1631173.png,,
toumani-camara,https://cdn.nba.com/headshots/nba/latest/260x190/1641739.png,Tall Spotup,On Ball Stopper
